📌chat-ui-react-master.zip	chat-ui-react-master/.eslintrc.js	.eslintrc.js	61
📌chat-ui-react-master.zip	chat-ui-react-master/babel.config.js	babel.config.js	2334
📌chat-ui-react-master.zip	chat-ui-react-master/examples/cdn/src/index.html	index.html	2641
📌chat-ui-react-master.zip	chat-ui-react-master/examples/echo-bot/public/index.html	index_1.html	586
📌chat-ui-react-master.zip	chat-ui-react-master/examples/echo-bot/src/App.tsx	App.tsx	5281
📌chat-ui-react-master.zip	chat-ui-react-master/examples/echo-bot/src/index.css	index.css	38
📌chat-ui-react-master.zip	chat-ui-react-master/examples/echo-bot/src/index.tsx	index.tsx	226
📌chat-ui-react-master.zip	chat-ui-react-master/examples/echo-bot/src/react-app-env.d.ts	react-app-env.d.ts	40
📌chat-ui-react-master.zip	chat-ui-react-master/prettier.config.js	prettier.config.js	45
📌chat-ui-react-master.zip	chat-ui-react-master/rollup.config.js	rollup.config.js	3885
📌chat-ui-react-master.zip	chat-ui-react-master/src/audio-media-recorder.ts	audio-media-recorder.ts	1714
📌chat-ui-react-master.zip	chat-ui-react-master/src/chat-controller.ts	chat-controller.ts	5427
📌chat-ui-react-master.zip	chat-ui-react-master/src/chat-types.ts	chat-types.ts	2689
📌chat-ui-react-master.zip	chat-ui-react-master/src/index.ts	index.ts	506
📌chat-ui-react-master.zip	chat-ui-react-master/src/mui/MuiAudioInput.tsx	MuiAudioInput.tsx	2936
📌chat-ui-react-master.zip	chat-ui-react-master/src/mui/MuiChat.tsx	MuiChat.tsx	5443
📌chat-ui-react-master.zip	chat-ui-react-master/src/mui/MuiFileInput.tsx	MuiFileInput.tsx	3129
📌chat-ui-react-master.zip	chat-ui-react-master/src/mui/MuiMessage.tsx	MuiMessage.tsx	2705
📌chat-ui-react-master.zip	chat-ui-react-master/src/mui/MuiMultiSelectInput.tsx	MuiMultiSelectInput.tsx	2175
📌chat-ui-react-master.zip	chat-ui-react-master/src/mui/MuiSelectInput.tsx	MuiSelectInput.tsx	1474
📌chat-ui-react-master.zip	chat-ui-react-master/src/mui/MuiTextInput.tsx	MuiTextInput.tsx	1982
📌dropdown-master.zip	dropdown-master/dropdown.css	dropdown.css	312
📌dropdown-master.zip	dropdown-master/index.js	index.js	5288
📌dropdown-master.zip	dropdown-master/test/index.html	index.html	3424
📌github-buttons-main.zip	github-buttons-main/dist/buttons.common.js	buttons.common.js	26307
📌github-buttons-main.zip	github-buttons-main/dist/buttons.d.ts	buttons.d.ts	384
📌github-buttons-main.zip	github-buttons-main/dist/buttons.esm.js	buttons.esm.js	26286
📌github-buttons-main.zip	github-buttons-main/dist/buttons.html	buttons.html	125
📌github-buttons-main.zip	github-buttons-main/dist/buttons.js	buttons.js	28740
📌github-buttons-main.zip	github-buttons-main/dist/buttons.min.js	buttons.min.js	19546
📌github-buttons-main.zip	github-buttons-main/karma.conf.js	karma.conf.js	954
📌github-buttons-main.zip	github-buttons-main/src/config.js	config.js	1393
📌github-buttons-main.zip	github-buttons-main/src/container.js	container.js	1897
📌github-buttons-main.zip	github-buttons-main/src/content.js	content.js	3270
📌github-buttons-main.zip	github-buttons-main/src/css.js	css.js	1488
📌github-buttons-main.zip	github-buttons-main/src/defer.js	defer.js	603
📌github-buttons-main.zip	github-buttons-main/src/event.js	event.js	1134
📌github-buttons-main.zip	github-buttons-main/src/fetch.js	fetch.js	1653
📌github-buttons-main.zip	github-buttons-main/src/globals.js	globals.js	216
📌github-buttons-main.zip	github-buttons-main/src/main.js	main.js	1165
📌github-buttons-main.zip	github-buttons-main/src/octicons.js	octicons.js	681
📌github-buttons-main.zip	github-buttons-main/src/options.js	options.js	524
📌github-buttons-main.zip	github-buttons-main/src/pixel.js	pixel.js	368
📌github-buttons-main.zip	github-buttons-main/src/querystring.js	querystring.js	984
📌github-buttons-main.zip	github-buttons-main/src/scss/_require.js	_require.js	94
📌github-buttons-main.zip	github-buttons-main/src/size.js	size.js	534
📌github-buttons-main.zip	github-buttons-main/src/util.js	util.js	1195
📌react-dropdown-master.zip	react-dropdown-master/dist/index.d.ts	index.d.ts	1760
📌react-dropdown-master.zip	react-dropdown-master/dist/index.js	index.js	6356
📌react-dropdown-master.zip	react-dropdown-master/example/index.html	index.html	772
📌react-dropdown-master.zip	react-dropdown-master/example/src/main.tsx	main.tsx	10661
📌react-dropdown-master.zip	react-dropdown-master/example/src/style.css	style.css	15085
📌react-dropdown-master.zip	react-dropdown-master/src/css.d.ts	css.d.ts	23
📌react-dropdown-master.zip	react-dropdown-master/src/index.tsx	index.tsx	13257
📌react-dropdown-master.zip	react-dropdown-master/style.css	style_1.css	2420
📌react-dropdown-master.zip	react-dropdown-master/test/setup.ts	setup.ts	104
📌react-dropdown-master.zip	react-dropdown-master/vite.demo.config.ts	vite.demo.config.ts	184
📌react-dropdown-master.zip	react-dropdown-master/vite.lib.config.ts	vite.lib.config.ts	358
📌react-dropdown-master.zip	react-dropdown-master/vitest.config.ts	vitest.config.ts	157
📌select-master.zip	select-master/.dumirc.ts	.dumirc.ts	409
📌select-master.zip	select-master/.fatherrc.js	.fatherrc.js	118
📌select-master.zip	select-master/.fatherrc.ts	.fatherrc.ts	118
📌select-master.zip	select-master/docs/examples/auto-adjust-dropdown.tsx	auto-adjust-dropdown.tsx	2918
📌select-master.zip	select-master/docs/examples/auto-tokenization.tsx	auto-tokenization.tsx	417
📌select-master.zip	select-master/docs/examples/combobox.tsx	combobox.tsx	3911
📌select-master.zip	select-master/docs/examples/common/tbFetchSuggest.tsx	tbFetchSuggest.tsx	701
📌select-master.zip	select-master/docs/examples/controlled.tsx	controlled.tsx	2425
📌select-master.zip	select-master/docs/examples/custom-icon.tsx	custom-icon.tsx	5517
📌select-master.zip	select-master/docs/examples/custom-label.tsx	custom-label.tsx	1677
📌select-master.zip	select-master/docs/examples/custom-selector.tsx	custom-selector.tsx	394
📌select-master.zip	select-master/docs/examples/custom-tags.tsx	custom-tags.tsx	2763
📌select-master.zip	select-master/docs/examples/custom-tokenize.tsx	custom-tokenize.tsx	699
📌select-master.zip	select-master/docs/examples/dropdownRender.tsx	dropdownRender.tsx	2158
📌select-master.zip	select-master/docs/examples/email.tsx	email.tsx	1136
📌select-master.zip	select-master/docs/examples/filterSort.tsx	filterSort.tsx	888
📌select-master.zip	select-master/docs/examples/focus.tsx	focus.tsx	1005
📌select-master.zip	select-master/docs/examples/force-suggest.tsx	force-suggest.tsx	1658
📌select-master.zip	select-master/docs/examples/getPopupContainer.tsx	getPopupContainer.tsx	1878
📌select-master.zip	select-master/docs/examples/loading.tsx	loading.tsx	1622
📌select-master.zip	select-master/docs/examples/mul-suggest.tsx	mul-suggest.tsx	1290
📌select-master.zip	select-master/docs/examples/mul-tag-suggest.tsx	mul-tag-suggest.tsx	1336
📌select-master.zip	select-master/docs/examples/multiple-readonly.tsx	multiple-readonly.tsx	1129
📌select-master.zip	select-master/docs/examples/multiple-with-maxCount.tsx	multiple-with-maxCount.tsx	890
📌select-master.zip	select-master/docs/examples/multiple.tsx	multiple.tsx	3654
📌select-master.zip	select-master/docs/examples/optgroup.tsx	optgroup.tsx	1258
📌select-master.zip	select-master/docs/examples/option-render.tsx	option-render.tsx	376
📌select-master.zip	select-master/docs/examples/optionFilterProp.tsx	optionFilterProp.tsx	1000
📌select-master.zip	select-master/docs/examples/optionLabelProp.tsx	optionLabelProp.tsx	586
📌select-master.zip	select-master/docs/examples/scroll-loading.tsx	scroll-loading.tsx	803
📌select-master.zip	select-master/docs/examples/single-animation.tsx	single-animation.tsx	1036
📌select-master.zip	select-master/docs/examples/single.tsx	single.tsx	3592
📌select-master.zip	select-master/docs/examples/singleFieldNames.tsx	singleFieldNames.tsx	788
📌select-master.zip	select-master/docs/examples/suggest.tsx	suggest.tsx	1819
📌select-master.zip	select-master/docs/examples/tags.tsx	tags.tsx	3226
📌select-master.zip	select-master/docs/examples/update-option.tsx	update-option.tsx	1489
📌select-master.zip	select-master/global.d.ts	global.d.ts	295
📌select-master.zip	select-master/jest.config.js	jest.config.js	127
📌select-master.zip	select-master/src/BaseSelect/Polite.tsx	Polite.tsx	826
📌select-master.zip	select-master/src/BaseSelect/index.tsx	index.tsx	24000
📌select-master.zip	select-master/src/OptGroup.tsx	OptGroup.tsx	526
📌select-master.zip	select-master/src/Option.tsx	Option.tsx	614
📌select-master.zip	select-master/src/OptionList.tsx	OptionList.tsx	15316
📌select-master.zip	select-master/src/Select.tsx	Select.tsx	25478
📌select-master.zip	select-master/src/SelectContext.ts	SelectContext.ts	1323
📌select-master.zip	select-master/src/SelectInput/Affix.tsx	Affix.tsx	478
📌select-master.zip	select-master/src/SelectInput/Content/MultipleContent.tsx	MultipleContent.tsx	6511
📌select-master.zip	select-master/src/SelectInput/Content/Placeholder.tsx	Placeholder.tsx	746
📌select-master.zip	select-master/src/SelectInput/Content/SingleContent.tsx	SingleContent.tsx	4082
📌select-master.zip	select-master/src/SelectInput/Content/index.tsx	index_1.tsx	1033
📌select-master.zip	select-master/src/SelectInput/Input.tsx	Input.tsx	7198
📌select-master.zip	select-master/src/SelectInput/context.ts	context.ts	333
📌select-master.zip	select-master/src/SelectInput/index.tsx	index_2.tsx	10071
📌select-master.zip	select-master/src/SelectTrigger.tsx	SelectTrigger.tsx	5103
📌select-master.zip	select-master/src/TransBtn.tsx	TransBtn.tsx	1500
📌select-master.zip	select-master/src/hooks/useAllowClear.tsx	useAllowClear.tsx	1599
📌select-master.zip	select-master/src/hooks/useBaseProps.ts	useBaseProps.ts	560
📌select-master.zip	select-master/src/hooks/useCache.ts	useCache.ts	1632
📌select-master.zip	select-master/src/hooks/useComponents.ts	useComponents.ts	1289
📌select-master.zip	select-master/src/hooks/useFilterOptions.ts	useFilterOptions.ts	2608
📌select-master.zip	select-master/src/hooks/useLock.ts	useLock.ts	913
📌select-master.zip	select-master/src/hooks/useOpen.ts	useOpen.ts	2785
📌select-master.zip	select-master/src/hooks/useOptions.ts	useOptions.ts	1969
📌select-master.zip	select-master/src/hooks/useRefFunc.ts	useRefFunc.ts	441
📌select-master.zip	select-master/src/hooks/useSearchConfig.ts	useSearchConfig.ts	1191
📌select-master.zip	select-master/src/hooks/useSelectTriggerControl.ts	useSelectTriggerControl.ts	1368
📌select-master.zip	select-master/src/index.ts	index.ts	673
📌select-master.zip	select-master/src/interface.ts	interface.ts	772
📌select-master.zip	select-master/src/utils/__mocks__/platformUtil.ts	platformUtil.ts	51
📌select-master.zip	select-master/src/utils/commonUtil.ts	commonUtil.ts	929
📌select-master.zip	select-master/src/utils/keyUtil.ts	keyUtil.ts	1052
📌select-master.zip	select-master/src/utils/legacyUtil.ts	legacyUtil.ts	1312
📌select-master.zip	select-master/src/utils/platformUtil.ts	platformUtil_1.ts	132
📌select-master.zip	select-master/src/utils/valueUtil.ts	valueUtil.ts	3712
📌select-master.zip	select-master/src/utils/warningPropsUtil.ts	warningPropsUtil.ts	5589
📌select-master.zip	select-master/tests/__mocks__/@rc-component/trigger.tsx	trigger.tsx	307
📌select-master.zip	select-master/tests/__mocks__/@rc-component/virtual-list.tsx	virtual-list.tsx	78
📌select-master.zip	select-master/tests/setup.ts	setup.ts	645
📌select-master.zip	select-master/tests/shared/allowClearTest.tsx	allowClearTest.tsx	3789
📌select-master.zip	select-master/tests/shared/blurTest.tsx	blurTest.tsx	2517
📌select-master.zip	select-master/tests/shared/dynamicChildrenTest.tsx	dynamicChildrenTest.tsx	4462
📌select-master.zip	select-master/tests/shared/focusTest.tsx	focusTest.tsx	2000
📌select-master.zip	select-master/tests/shared/hoverTest.tsx	hoverTest.tsx	739
📌select-master.zip	select-master/tests/shared/inputFilterTest.tsx	inputFilterTest.tsx	1801
📌select-master.zip	select-master/tests/shared/keyDownTest.tsx	keyDownTest.tsx	595
📌select-master.zip	select-master/tests/shared/maxTagRenderTest.tsx	maxTagRenderTest.tsx	4675
📌select-master.zip	select-master/tests/shared/openControlledTest.tsx	openControlledTest.tsx	722
📌select-master.zip	select-master/tests/shared/removeSelectedTest.tsx	removeSelectedTest.tsx	3282
📌select-master.zip	select-master/tests/shared/throwOptionValue.tsx	throwOptionValue.tsx	660
📌select-master.zip	select-master/tests/utils/common.ts	common.ts	3858
📌select-master.zip	select-master/typings/index.d.ts	index.d.ts	146
🟤assistant-ui-main (1).zip	assistant-ui-main/apps/docs/app/api/chat/route.ts	route.ts	6522
🟤assistant-ui-main (1).zip	assistant-ui-main/apps/docs/app/api/doc/chat/route.ts	route_1.ts	15507
🟤assistant-ui-main (1).zip	assistant-ui-main/apps/docs/app/api/playground-chat/route.ts	route_2.ts	10160
🟤assistant-ui-main (1).zip	assistant-ui-main/apps/docs/app/api/xulux/chat/agents.ts	agents.ts	1974
🟤assistant-ui-main (1).zip	assistant-ui-main/apps/docs/app/api/xulux/chat/handler.ts	handler.ts	14324
🟤assistant-ui-main (1).zip	assistant-ui-main/apps/docs/app/api/xulux/chat/prompts.ts	prompts.ts	14615
🟤assistant-ui-main (1).zip	assistant-ui-main/apps/docs/app/api/xulux/chat/route.ts	route_3.ts	190
🟤assistant-ui-main (1).zip	assistant-ui-main/apps/docs/app/api/xulux/chat/tools.ts	tools.ts	2123
🟤assistant-ui-main (1).zip	assistant-ui-main/apps/docs/app/api/xulux/chat/tools/docs-tools.ts	docs-tools.ts	5406
🟤assistant-ui-main (1).zip	assistant-ui-main/apps/docs/app/api/xulux/chat/tools/learn-source-map-tools.ts	learn-source-map-tools.ts	4969
🟤assistant-ui-main (1).zip	assistant-ui-main/apps/docs/app/api/xulux/chat/tools/source-map-tools.ts	source-map-tools.ts	1250
🟤assistant-ui-main (1).zip	assistant-ui-main/apps/docs/app/api/xulux/chat/tools/template-tools.ts	template-tools.ts	13037
🟤assistant-ui-main (1).zip	assistant-ui-main/apps/docs/app/api/xulux/learn/chat/route.ts	route_4.ts	198
🟤assistant-ui-main (1).zip	assistant-ui-main/apps/docs/app/api/xulux/learn/preview/[stageId]/chat/route.ts	route_5.ts	222
🟤assistant-ui-main (1).zip	assistant-ui-main/apps/docs/components/demo/elements/chat-panel.tsx	chat-panel.tsx	1575
🟤assistant-ui-main (1).zip	assistant-ui-main/apps/docs/components/demo/elements/composer-attachments.tsx	composer-attachments.tsx	2182
🟤assistant-ui-main (1).zip	assistant-ui-main/apps/docs/components/demo/elements/composer-context.tsx	composer-context.tsx	1433
🟤assistant-ui-main (1).zip	assistant-ui-main/apps/docs/components/demo/elements/composer-mentions.tsx	composer-mentions.tsx	1930
🟤assistant-ui-main (1).zip	assistant-ui-main/apps/docs/components/demo/elements/composer-models.tsx	composer-models.tsx	2200
🟤assistant-ui-main (1).zip	assistant-ui-main/apps/docs/components/demo/elements/composer-slash.tsx	composer-slash.tsx	2166
🟤assistant-ui-main (1).zip	assistant-ui-main/apps/docs/components/demo/elements/composer-voice.tsx	composer-voice.tsx	1954
🟤assistant-ui-main (1).zip	assistant-ui-main/apps/docs/components/demo/elements/composer.tsx	composer.tsx	6479
🟤assistant-ui-main (1).zip	assistant-ui-main/apps/docs/components/demo/elements/feedback-dialog.tsx	feedback-dialog.tsx	1047
🟤assistant-ui-main (1).zip	assistant-ui-main/apps/docs/components/demo/elements/mcp-server-panel.tsx	mcp-server-panel.tsx	1160
🟤assistant-ui-main (1).zip	assistant-ui-main/apps/docs/components/demo/elements/memory-chips.tsx	memory-chips.tsx	670
🟤assistant-ui-main (1).zip	assistant-ui-main/apps/docs/components/demo/elements/mobile-composer.tsx	mobile-composer.tsx	737
🟤assistant-ui-main (1).zip	assistant-ui-main/apps/docs/components/demo/elements/reasoning-panel.tsx	reasoning-panel.tsx	1409
🟤assistant-ui-main (1).zip	assistant-ui-main/apps/docs/components/demo/elements/settings-panel.tsx	settings-panel.tsx	1321
🟤assistant-ui-main (1).zip	assistant-ui-main/apps/docs/components/demo/elements/spec-sheet.tsx	spec-sheet.tsx	801
🟤assistant-ui-main (1).zip	assistant-ui-main/apps/docs/components/demo/elements/stopped-run.tsx	stopped-run.tsx	456
🟤assistant-ui-main (1).zip	assistant-ui-main/apps/docs/components/demo/elements/thread-list.tsx	thread-list.tsx	641
🟤assistant-ui-main (1).zip	assistant-ui-main/apps/docs/components/demo/elements/thread-search.tsx	thread-search.tsx	1032
🟤assistant-ui-main (1).zip	assistant-ui-main/apps/docs/components/pages/docs/assistant/composer.tsx	composer_1.tsx	5049
🟤assistant-ui-main (1).zip	assistant-ui-main/apps/docs/components/pages/docs/assistant/thread.tsx	thread.tsx	9285
🟤assistant-ui-main (1).zip	assistant-ui-main/apps/docs/components/pages/docs/assistant/window.tsx	window.tsx	2032
🟤assistant-ui-main (1).zip	assistant-ui-main/apps/docs/components/pages/docs/contexts/sidebar.tsx	sidebar.tsx	2046
🟤assistant-ui-main (1).zip	assistant-ui-main/apps/docs/components/pages/docs/layout/sidebar-content.tsx	sidebar-content.tsx	10158
🟤assistant-ui-main (1).zip	assistant-ui-main/apps/docs/components/pages/docs/platform/switcher.tsx	switcher.tsx	3955
🟤assistant-ui-main (1).zip	assistant-ui-main/apps/docs/components/pages/docs/samples/assistant-modal.tsx	assistant-modal.tsx	4227
🟤assistant-ui-main (1).zip	assistant-ui-main/apps/docs/components/pages/docs/samples/composer-primitive.tsx	composer-primitive.tsx	1316
🟤assistant-ui-main (1).zip	assistant-ui-main/apps/docs/components/pages/docs/samples/composer-trigger-popover.tsx	composer-trigger-popover.tsx	4400
🟤assistant-ui-main (1).zip	assistant-ui-main/apps/docs/components/pages/docs/samples/markdown/code-block-and-copy.tsx	code-block-and-copy.tsx	972
🟤assistant-ui-main (1).zip	assistant-ui-main/apps/docs/components/pages/docs/samples/model-selector.radix.tsx	model-selector.radix.tsx	6024
🟤assistant-ui-main (1).zip	assistant-ui-main/apps/docs/components/pages/docs/samples/model-selector.tsx	model-selector.tsx	5942
🟤assistant-ui-main (1).zip	assistant-ui-main/apps/docs/components/pages/docs/samples/model-selector/capability-metadata.radix.tsx	capability-metadata.radix.tsx	2329
🟤assistant-ui-main (1).zip	assistant-ui-main/apps/docs/components/pages/docs/samples/model-selector/capability-metadata.tsx	capability-metadata.tsx	2317
🟤assistant-ui-main (1).zip	assistant-ui-main/apps/docs/components/pages/docs/samples/model-selector/provider-groups-and-availability.radix.tsx	provider-groups-and-availability.radix.tsx	1804
🟤assistant-ui-main (1).zip	assistant-ui-main/apps/docs/components/pages/docs/samples/model-selector/provider-groups-and-availability.tsx	provider-groups-and-availability.tsx	1798
🟤assistant-ui-main (1).zip	assistant-ui-main/apps/docs/components/pages/docs/samples/model-selector/reasoning-effort.radix.tsx	reasoning-effort.radix.tsx	1195
🟤assistant-ui-main (1).zip	assistant-ui-main/apps/docs/components/pages/docs/samples/model-selector/reasoning-effort.tsx	reasoning-effort.tsx	1189
🟤assistant-ui-main (1).zip	assistant-ui-main/apps/docs/components/pages/docs/samples/model-selector/search-and-filter.radix.tsx	search-and-filter.radix.tsx	2029
🟤assistant-ui-main (1).zip	assistant-ui-main/apps/docs/components/pages/docs/samples/model-selector/search-and-filter.tsx	search-and-filter.tsx	2023
🟤assistant-ui-main (1).zip	assistant-ui-main/apps/docs/components/pages/docs/samples/model-selector/selected-model.radix.tsx	selected-model.radix.tsx	1036
🟤assistant-ui-main (1).zip	assistant-ui-main/apps/docs/components/pages/docs/samples/model-selector/selected-model.tsx	selected-model.tsx	1030
🟤assistant-ui-main (1).zip	assistant-ui-main/apps/docs/components/pages/docs/samples/quote-composer.tsx	quote-composer.tsx	2009
🟤assistant-ui-main (1).zip	assistant-ui-main/apps/docs/components/pages/docs/samples/select.radix.tsx	select.radix.tsx	6764
🟤assistant-ui-main (1).zip	assistant-ui-main/apps/docs/components/pages/docs/samples/select.tsx	select.tsx	7326
🟤assistant-ui-main (1).zip	assistant-ui-main/apps/docs/components/pages/docs/samples/selection-toolbar-primitive.tsx	selection-toolbar-primitive.tsx	1310
🟤assistant-ui-main (1).zip	assistant-ui-main/apps/docs/components/pages/docs/samples/thread-list-primitive.tsx	thread-list-primitive.tsx	6663
🟤assistant-ui-main (1).zip	assistant-ui-main/apps/docs/components/pages/docs/samples/thread-primitive.tsx	thread-primitive.tsx	3011
🟤dark-mode-toggle-main.zip	dark-mode-toggle-main/demo/index.html	index.html	1592
🟤dark-mode-toggle-main.zip	dark-mode-toggle-main/demo/scripts/index.js	index.js	737
🟤dark-mode-toggle-main.zip	dark-mode-toggle-main/demo/styles/dark.css	dark.css	60
🟤dark-mode-toggle-main.zip	dark-mode-toggle-main/demo/styles/light.css	light.css	60
🟤dark-mode-toggle-main.zip	dark-mode-toggle-main/demo/styles/main.css	main.css	271
🟤dark-mode-toggle-main.zip	dark-mode-toggle-main/dist/bundle.css	bundle.css	409
🟤dark-mode-toggle-main.zip	dark-mode-toggle-main/dist/bundle.js	bundle.js	31525
🟤dark-mode-toggle-main.zip	dark-mode-toggle-main/dist/bundle.min.css	bundle.min.css	137
🟤dark-mode-toggle-main.zip	dark-mode-toggle-main/dist/bundle.min.js	bundle.min.js	22462
🟤dark-mode-toggle-main.zip	dark-mode-toggle-main/rollup-plugins/banner.js	banner.js	563
🟤dark-mode-toggle-main.zip	dark-mode-toggle-main/rollup-plugins/replaceStyleTemplate.js	replaceStyleTemplate.js	546
🟤dark-mode-toggle-main.zip	dark-mode-toggle-main/rollup.config.js	rollup.config.js	1746
🟤dark-mode-toggle-main.zip	dark-mode-toggle-main/server.js	server.js	228
🟤dark-mode-toggle-main.zip	dark-mode-toggle-main/src/Button.css	Button.css	409
🟤dark-mode-toggle-main.zip	dark-mode-toggle-main/src/Button.js	Button.js	5024
🟤dark-mode-toggle-main.zip	dark-mode-toggle-main/src/EventBus.js	EventBus.js	2076
🟤dark-mode-toggle-main.zip	dark-mode-toggle-main/src/ThemeHandler.js	ThemeHandler.js	2185
🟤dark-mode-toggle-main.zip	dark-mode-toggle-main/src/ToggleAnimation.js	ToggleAnimation.js	1998
🟤dark-mode-toggle-main.zip	dark-mode-toggle-main/src/build/default.js	default.js	179
🟤dark-mode-toggle-main.zip	dark-mode-toggle-main/src/build/webcomponent.js	webcomponent.js	2607
🟤select-main.zip	select-main/dist/vue/tedir-select-vue.es.js	tedir-select-vue.es.js	38801
🟤select-main.zip	select-main/dist/vue/tedir-select-vue.umd.js	tedir-select-vue.umd.js	29336
🟤select-main.zip	select-main/dist/vue/tedir-select.css	tedir-select.css	78688
🟤select-main.zip	select-main/dist/web/tedir-select-web.es.js	tedir-select-web.es.js	274274
🟤select-main.zip	select-main/dist/web/tedir-select-web.umd.js	tedir-select-web.umd.js	208526
🟤select-main.zip	select-main/index.html	index.html	341
🟤select-main.zip	select-main/src/vue/App.vue	App.vue	5477
🟤select-main.zip	select-main/src/vue/components/CategoryBox.vue	CategoryBox.vue	9216
🟤select-main.zip	select-main/src/vue/components/ComboBox.vue	ComboBox.vue	7649
🟤select-main.zip	select-main/src/vue/components/ListBox.vue	ListBox.vue	6216
🟤select-main.zip	select-main/src/vue/components/SelectBox.vue	SelectBox.vue	9853
🟤select-main.zip	select-main/src/vue/components/TagBox.vue	TagBox.vue	6094
🟤select-main.zip	select-main/src/vue/env.d.ts	env.d.ts	276
🟤select-main.zip	select-main/src/vue/lib.ts	lib.ts	319
🟤select-main.zip	select-main/src/vue/main.ts	main.ts	111
🟤select-main.zip	select-main/src/vue/models/options.ts	options.ts	24377
🟤select-main.zip	select-main/src/vue/style.css	style.css	48
🟤select-main.zip	select-main/src/web/web.ts	web.ts	892
🟤select-main.zip	select-main/vite-vue-config.ts	vite-vue-config.ts	827
🟤select-main.zip	select-main/vite-web-config.ts	vite-web-config.ts	1125
🟤themes-main.zip	themes-main/apps/playground/app/(themeable)/sink/alert-dialog/page.tsx	page.tsx	1396
🟤themes-main.zip	themes-main/apps/playground/app/(themeable)/sink/button/page.tsx	page_1.tsx	5755
🟤themes-main.zip	themes-main/apps/playground/app/(themeable)/sink/checkbox-cards/page.tsx	page_2.tsx	5549
🟤themes-main.zip	themes-main/apps/playground/app/(themeable)/sink/checkbox-group/page.tsx	page_3.tsx	11042
🟤themes-main.zip	themes-main/apps/playground/app/(themeable)/sink/checkbox/page.tsx	page_4.tsx	7606
🟤themes-main.zip	themes-main/apps/playground/app/(themeable)/sink/dialog/page.tsx	page_5.tsx	1540
🟤themes-main.zip	themes-main/apps/playground/app/(themeable)/sink/dropdown-menu/page.tsx	page_6.tsx	5834
🟤themes-main.zip	themes-main/apps/playground/app/(themeable)/sink/icon-button/page.tsx	page_7.tsx	5728
🟤themes-main.zip	themes-main/apps/playground/app/(themeable)/sink/pointer-cursors-checkbox.tsx	pointer-cursors-checkbox.tsx	941
🟤themes-main.zip	themes-main/apps/playground/app/(themeable)/sink/radio-cards/page.tsx	page_8.tsx	5417
🟤themes-main.zip	themes-main/apps/playground/app/(themeable)/sink/radio-group/page.tsx	page_9.tsx	10765
🟤themes-main.zip	themes-main/apps/playground/app/(themeable)/sink/radio/page.tsx	page_10.tsx	10685
🟤themes-main.zip	themes-main/apps/playground/app/(themeable)/sink/select/page.tsx	page_11.tsx	9051
🟤themes-main.zip	themes-main/apps/playground/app/(themeable)/sink/switch/page.tsx	page_12.tsx	8346
🟤themes-main.zip	themes-main/apps/playground/app/(themeable)/test/checkbox-card/page.tsx	page_13.tsx	2743
🟤themes-main.zip	themes-main/apps/playground/app/(themeable)/test/classic-button/page.tsx	page_14.tsx	1357
🟤themes-main.zip	themes-main/apps/playground/app/(themeable)/test/dialog/page.tsx	page_15.tsx	7828
🟤themes-main.zip	themes-main/apps/playground/app/(themeable)/test/radio-card/page.tsx	page_16.tsx	1975
🟤themes-main.zip	themes-main/apps/playground/components/loading-buttons.tsx	loading-buttons.tsx	3635
🟤themes-main.zip	themes-main/packages/radix-ui-themes/src/components/_internal/base-button.css	base-button.css	13592
🟤themes-main.zip	themes-main/packages/radix-ui-themes/src/components/_internal/base-button.props.ts	base-button.props.ts	1031
🟤themes-main.zip	themes-main/packages/radix-ui-themes/src/components/_internal/base-button.tsx	base-button.tsx	3675
🟤themes-main.zip	themes-main/packages/radix-ui-themes/src/components/_internal/base-checkbox.css	base-checkbox.css	5200
🟤themes-main.zip	themes-main/packages/radix-ui-themes/src/components/_internal/base-checkbox.props.ts	base-checkbox.props.ts	692
🟤themes-main.zip	themes-main/packages/radix-ui-themes/src/components/_internal/base-dialog.css	base-dialog.css	3532
🟤themes-main.zip	themes-main/packages/radix-ui-themes/src/components/_internal/base-radio.css	base-radio.css	4971
🟤themes-main.zip	themes-main/packages/radix-ui-themes/src/components/_internal/base-radio.props.ts	base-radio.props.ts	686
🟤themes-main.zip	themes-main/packages/radix-ui-themes/src/components/alert-dialog.css	alert-dialog.css	39
🟤themes-main.zip	themes-main/packages/radix-ui-themes/src/components/alert-dialog.props.tsx	alert-dialog.props.tsx	183
🟤themes-main.zip	themes-main/packages/radix-ui-themes/src/components/alert-dialog.tsx	alert-dialog.tsx	5755
🟤themes-main.zip	themes-main/packages/radix-ui-themes/src/components/button.css	button.css	4493
🟤themes-main.zip	themes-main/packages/radix-ui-themes/src/components/button.props.tsx	button.props.tsx	89
🟤themes-main.zip	themes-main/packages/radix-ui-themes/src/components/button.tsx	button.tsx	561
🟤themes-main.zip	themes-main/packages/radix-ui-themes/src/components/checkbox-cards.css	checkbox-cards.css	6114
🟤themes-main.zip	themes-main/packages/radix-ui-themes/src/components/checkbox-cards.props.tsx	checkbox-cards.props.tsx	1073
🟤themes-main.zip	themes-main/packages/radix-ui-themes/src/components/checkbox-cards.tsx	checkbox-cards.tsx	4569
🟤themes-main.zip	themes-main/packages/radix-ui-themes/src/components/checkbox-group.css	checkbox-group.css	627
🟤themes-main.zip	themes-main/packages/radix-ui-themes/src/components/checkbox-group.primitive.tsx	checkbox-group.primitive.tsx	7238
🟤themes-main.zip	themes-main/packages/radix-ui-themes/src/components/checkbox-group.props.tsx	checkbox-group.props.tsx	262
🟤themes-main.zip	themes-main/packages/radix-ui-themes/src/components/checkbox-group.tsx	checkbox-group.tsx	5679
🟤themes-main.zip	themes-main/packages/radix-ui-themes/src/components/checkbox.css	checkbox.css	312
🟤themes-main.zip	themes-main/packages/radix-ui-themes/src/components/checkbox.props.tsx	checkbox.props.tsx	95
🟤themes-main.zip	themes-main/packages/radix-ui-themes/src/components/checkbox.tsx	checkbox.tsx	2166
🟤themes-main.zip	themes-main/packages/radix-ui-themes/src/components/dialog.css	dialog.css	39
🟤themes-main.zip	themes-main/packages/radix-ui-themes/src/components/dialog.props.tsx	dialog.props.tsx	1259
🟤themes-main.zip	themes-main/packages/radix-ui-themes/src/components/dialog.tsx	dialog.tsx	4683
🟤themes-main.zip	themes-main/packages/radix-ui-themes/src/components/dropdown-menu.css	dropdown-menu.css	206
🟤themes-main.zip	themes-main/packages/radix-ui-themes/src/components/dropdown-menu.props.tsx	dropdown-menu.props.tsx	290
🟤themes-main.zip	themes-main/packages/radix-ui-themes/src/components/dropdown-menu.tsx	dropdown-menu.tsx	14866
🟤themes-main.zip	themes-main/packages/radix-ui-themes/src/components/icon-button.css	icon-button.css	2274
🟤themes-main.zip	themes-main/packages/radix-ui-themes/src/components/icon-button.props.tsx	icon-button.props.tsx	93
🟤themes-main.zip	themes-main/packages/radix-ui-themes/src/components/icon-button.tsx	icon-button.tsx	601
🟤themes-main.zip	themes-main/packages/radix-ui-themes/src/components/radio-cards.css	radio-cards.css	5572
🟤themes-main.zip	themes-main/packages/radix-ui-themes/src/components/radio-cards.props.tsx	radio-cards.props.tsx	1067
🟤themes-main.zip	themes-main/packages/radix-ui-themes/src/components/radio-cards.tsx	radio-cards.tsx	2194
🟤themes-main.zip	themes-main/packages/radix-ui-themes/src/components/radio-group.css	radio-group.css	334
🟤themes-main.zip	themes-main/packages/radix-ui-themes/src/components/radio-group.props.tsx	radio-group.props.tsx	768
🟤themes-main.zip	themes-main/packages/radix-ui-themes/src/components/radio-group.tsx	radio-group.tsx	4963
🟤themes-main.zip	themes-main/packages/radix-ui-themes/src/components/radio.css	radio.css	38
🟤themes-main.zip	themes-main/packages/radix-ui-themes/src/components/radio.props.tsx	radio.props.tsx	86